id,tenant_id,sku,name,tensile_stiffness,bending_rigidity,shear_stiffness,area_density,cad_pattern_url,created_at,category,composition,gsm,ingest_confidence,ingest_tier,mode,approximate_fit,print_qa_passed
ed30306b-164e-418c-a9b7-64ab5bf7afe0,8a81117f-67e1-40e8-9901-f93be24dd4e9,mens-long-sleeve-polo-shirt-with-chest-pocket-dark-gray,"Men's Long Sleeve Polo Shirt with Chest Pocket / Dark Gray",89.6,0.04,44.8,0.18,,"2026-09-08 03:30:57.550511+00",tee,"{""other"": 4, ""cotton"": 96}",,0.82,2,B,t,f
673c113f-9dcc-40a3-b87b-68020b7f8a41,8a81117f-67e1-40e8-9901-f93be24dd4e9,mens-long-sleeve-polo-shirt-with-chest-pocket-navy,"Men's Long Sleeve Polo Shirt with Chest Pocket / Navy",89.6,0.04,44.8,0.18,,"2026-09-08 03:30:58.23794+00",tee,"{""other"": 4, ""cotton"": 96}",,0.82,2,B,t,f
57247bd7-113d-4654-8ed4-d8e0308096a8,8a81117f-67e1-40e8-9901-f93be24dd4e9,mens-long-sleeve-polo-shirt-with-chest-pocket-army-green,"Men's Long Sleeve Polo Shirt with Chest Pocket / Army Green",89.6,0.04,44.8,0.18,,"2026-09-08 03:30:59.332707+00",tee,"{""other"": 4, ""cotton"": 96}",,0.82,2,B,t,f
6254ad07-4730-46f6-9e72-751893290830,8a81117f-67e1-40e8-9901-f93be24dd4e9,mens-long-sleeve-polo-shirt-with-chest-pocket-coffee-brown,"Men's Long Sleeve Polo Shirt with Chest Pocket / Coffee Brown",89.6,0.04,44.8,0.18,,"2026-09-08 03:31:00.429349+00",tee,"{""other"": 4, ""cotton"": 96}",,0.82,2,B,t,f
ce48173e-c8b9-412b-95cb-72df7c8cdb63,8a81117f-67e1-40e8-9901-f93be24dd4e9,mens-classic-pocket-polo-shirt-with-stand-collar-white,"Men's Classic Pocket Polo Shirt with Stand Collar / White",89.5,0.04,44.75,0.18,,"2026-09-12 10:53:34.266674+00",tee,"{""other"": 5, ""cotton"": 95}",,0.82,2,B,t,f
9732411e-a071-43ba-be34-c4a4223b2d9f,8a81117f-67e1-40e8-9901-f93be24dd4e9,mens-long-sleeve-polo-shirt-with-chest-pocket-black,"Men's Long Sleeve Polo Shirt with Chest Pocket / Black",89.6,0.04,44.8,0.18,,"2026-09-08 03:30:52.256395+00",tee,"{""other"": 4, ""cotton"": 96}",,0.82,2,B,t,f
afd795cd-088c-4f39-b0f9-41990a6f1374,8a81117f-67e1-40e8-9901-f93be24dd4e9,mens-long-sleeve-polo-shirt-with-chest-pocket-burgundy,"Men's Long Sleeve Polo Shirt with Chest Pocket / Burgundy",89.6,0.04,44.8,0.18,,"2026-09-08 03:30:53.43263+00",tee,"{""other"": 4, ""cotton"": 96}",,0.82,2,B,t,f
73a5988f-f124-4ef8-b8a6-3b1ad8f2ae66,8a81117f-67e1-40e8-9901-f93be24dd4e9,mens-classic-pocket-polo-shirt-with-stand-collar-navy,"Men's Classic Pocket Polo Shirt with Stand Collar / Navy",89.5,0.04,44.75,0.18,,"2026-09-12 10:53:31.079793+00",tee,"{""other"": 5, ""cotton"": 95}",,0.82,2,B,t,f
51b1edeb-d54e-4a7e-8d59-90915fe860a4,8a81117f-67e1-40e8-9901-f93be24dd4e9,mens-classic-pocket-polo-shirt-with-stand-collar-gray,"Men's Classic Pocket Polo Shirt with Stand Collar / Gray",89.5,0.04,44.75,0.18,,"2026-09-12 10:53:37.078259+00",tee,"{""other"": 5, ""cotton"": 95}",,0.82,2,B,t,f
b48e2df6-5293-4a4b-b484-c16866b6dc80,8a81117f-67e1-40e8-9901-f93be24dd4e9,mens-contrast-collar-quarter-zip-polo-shirt-khaki,"Men's Contrast Collar Quarter-Zip Polo Shirt / Khaki",66.2,0.02845,32.2,0.18,,"2026-09-12 10:53:30.852347+00",tee,"{""other"": 7, ""rayon"": 45, ""polyester"": 48}",,0.82,2,B,t,f
e7d923b1-e94a-42dd-8b1b-06899d112dc0,8a81117f-67e1-40e8-9901-f93be24dd4e9,mens-contrast-collar-quarter-zip-polo-shirt-white,"Men's Contrast Collar Quarter-Zip Polo Shirt / White",66.2,0.02845,32.2,0.18,,"2026-09-12 10:53:34.342412+00",tee,"{""other"": 7, ""rayon"": 45, ""polyester"": 48}",,0.82,2,B,t,f
5cd6d97c-0cad-4057-814d-00a85de6b123,8a81117f-67e1-40e8-9901-f93be24dd4e9,mens-plus-size-embroidered-pocket-polo-shirt-beige,"Men's Plus Size Embroidered Pocket Polo Shirt / Beige",89.5,0.04,44.75,0.18,,"2026-09-12 10:53:30.55201+00",tee,"{""other"": 5, ""cotton"": 95}",,0.82,2,B,t,f
67b01652-122d-46b6-9942-57f4f0dd3be2,8a81117f-67e1-40e8-9901-f93be24dd4e9,mens-plus-size-embroidered-pocket-polo-shirt-white,"Men's Plus Size Embroidered Pocket Polo Shirt / White",89.5,0.04,44.75,0.18,,"2026-09-12 10:53:33.514753+00",tee,"{""other"": 5, ""cotton"": 95}",,0.82,2,B,t,f
bfe7cccd-a5d6-48d3-a9ab-58e7d779ff3d,8a81117f-67e1-40e8-9901-f93be24dd4e9,mens-short-sleeve-henley-polo-shirt-white,"Men's Short Sleeve Henley Polo Shirt / White",86.5,0.04,43.25,0.18,,"2026-09-12 10:53:31.098409+00",tee,"{""other"": 35, ""cotton"": 65}",,0.82,2,B,t,f
e7a2fa0c-dcba-41a8-8c87-31db1dc8ebb2,8a81117f-67e1-40e8-9901-f93be24dd4e9,mens-short-sleeve-henley-polo-shirt-gray,"Men's Short Sleeve Henley Polo Shirt / Gray",86.5,0.04,43.25,0.18,,"2026-09-12 10:53:32.40527+00",tee,"{""other"": 35, ""cotton"": 65}",,0.82,2,B,t,f
c1116336-579a-4481-a264-89f8a1f30e15,8a81117f-67e1-40e8-9901-f93be24dd4e9,mens-short-sleeve-henley-polo-shirt-deep-teal,"Men's Short Sleeve Henley Polo Shirt / Deep Teal",86.5,0.04,43.25,0.18,,"2026-09-12 10:53:33.686314+00",tee,"{""other"": 35, ""cotton"": 65}",,0.82,2,B,t,f
bd30c7a6-77d9-4fab-aa4e-129702ead44b,8a81117f-67e1-40e8-9901-f93be24dd4e9,strapless-draped-maxi-dress-cream,"Strapless Draped Maxi Dress / Cream",69.8657919338089,0.0349328959669045,34.9328959669045,0.16,,"2026-09-12 10:53:31.013189+00",dress,"{""other"": 100}",,0.82,2,B,t,f
27e921ef-2aee-4236-915f-47efeab129a7,8a81117f-67e1-40e8-9901-f93be24dd4e9,strapless-draped-maxi-dress-black,"Strapless Draped Maxi Dress / Black",69.8657919338089,0.0349328959669045,34.9328959669045,0.16,,"2026-09-12 10:53:34.021708+00",dress,"{""other"": 100}",,0.82,2,B,t,f
abb99263-bbf0-4532-8a43-274fe7958b22,8a81117f-67e1-40e8-9901-f93be24dd4e9,mens-short-sleeve-henley-polo-shirt-black,"Men's Short Sleeve Henley Polo Shirt / Black",86.5,0.04,43.25,0.18,,"2026-09-12 10:53:35.029906+00",tee,"{""other"": 35, ""cotton"": 65}",,0.82,2,B,t,f
e478d07e-1e3b-47e7-bad5-e89677adf6f3,8a81117f-67e1-40e8-9901-f93be24dd4e9,mens-short-sleeve-henley-polo-shirt-dark-gray,"Men's Short Sleeve Henley Polo Shirt / Dark Gray",86.5,0.04,43.25,0.18,,"2026-09-12 10:53:36.398173+00",tee,"{""other"": 35, ""cotton"": 65}",,0.82,2,B,t,f
e129df58-7a58-40be-b134-667d5f7fbfce,8a81117f-67e1-40e8-9901-f93be24dd4e9,sequin-sleeveless-maxi-dress-burgundy,"Sequin Sleeveless Maxi Dress / Burgundy",69.8657919338089,0.0349328959669045,34.9328959669045,0.16,,"2026-09-12 10:53:43.916634+00",dress,"{""other"": 100}",,0.82,2,B,t,f
8c02b6fc-094a-4c8d-b425-37746f1a2d96,8a81117f-67e1-40e8-9901-f93be24dd4e9,one-shoulder-draped-maxi-dress-brown,"One-Shoulder Draped Maxi Dress / Brown",69.8657919338089,0.0349328959669045,34.9328959669045,0.16,,"2026-09-12 10:53:44.855751+00",dress,"{""other"": 100}",,0.82,2,B,t,f
4a8614a0-ff4b-4024-86cc-a495bd485011,8a81117f-67e1-40e8-9901-f93be24dd4e9,off-the-shoulder-maxi-dress-white-polka-dots,"Off-the-Shoulder Maxi Dress / White Polka Dots",69.8657919338089,0.0349328959669045,34.9328959669045,0.16,,"2026-09-12 10:53:48.720331+00",dress,"{""other"": 100}",,0.82,2,B,t,f
de041adb-da50-438c-bbf9-11040553bf69,8a81117f-67e1-40e8-9901-f93be24dd4e9,off-the-shoulder-maxi-dress-brown,"Off-the-Shoulder Maxi Dress / Brown",69.8657919338089,0.0349328959669045,34.9328959669045,0.16,,"2026-09-12 10:53:51.679019+00",dress,"{""other"": 100}",,0.82,2,B,t,f
3856bc3e-f6cd-4f9d-8928-99ebf9eed28f,8a81117f-67e1-40e8-9901-f93be24dd4e9,striped-maxi-skirt-1-pink,"Striped Maxi Skirt / Pink",98.1451095444026,0.0424599410085713,49.0725547722013,0.24,,"2026-09-12 10:53:52.787027+00",pant,"{""other"": 5, ""polyester"": 95}",,0.82,2,B,t,f
07270964-bfa7-40ab-8dad-84c2a407c4d2,8a81117f-67e1-40e8-9901-f93be24dd4e9,smocked-printed-skirt-green,"Smocked Printed Skirt / Green",98.005896623063,0.0423207280872318,49.0029483115315,0.24,,"2026-09-12 10:53:53.223922+00",pant,"{""other"": 4, ""polyester"": 96}",,0.82,2,B,t,f
20b58db6-c67d-4633-8786-5fac4d857377,8a81117f-67e1-40e8-9901-f93be24dd4e9,a-line-textured-skirt-gray,"A-Line Textured Skirt / Gray",111.370337071663,0.0556851685358312,55.6851685358313,0.24,,"2026-09-12 10:54:01.609142+00",pant,"{""other"": 100}",,0.82,2,B,t,f
aa70d3c1-9c6a-4407-8c36-e55b7b829f63,8a81117f-67e1-40e8-9901-f93be24dd4e9,cargo-denim-skirt-medium,"Cargo Denim Skirt / Medium",84.9198820171427,0.0358473272449414,39.8148955031193,0.24,,"2026-09-12 10:53:57.536705+00",pant,"{""other"": 5, ""rayon"": 95}",,0.82,2,B,t,f
2041e9ac-b05f-4632-8d55-be0df9441be6,8a81117f-67e1-40e8-9901-f93be24dd4e9,scoop-neck-top-and-skort-swim-set-deep-teal,"Scoop Neck Top and Skort Swim Set / Deep Teal",51.9626827507704,0.0241910304570813,27.7716522936891,0.16,,"2026-09-12 10:54:05.40787+00",dress,"{""nylon"": 82, ""other"": 18}",,0.82,2,B,t,f
a268c04d-c559-45c8-bfec-56b21b7ae783,8a81117f-67e1-40e8-9901-f93be24dd4e9,scoop-neck-top-and-skort-swim-set-dark-navy,"Scoop Neck Top and Skort Swim Set / Dark Navy",51.9626827507704,0.0241910304570813,27.7716522936891,0.16,,"2026-09-12 10:54:12.878263+00",dress,"{""nylon"": 82, ""other"": 18}",,0.82,2,B,t,f
a9d538dc-0ac8-44d6-86c3-2e0b2223fdbe,8a81117f-67e1-40e8-9901-f93be24dd4e9,scoop-neck-top-and-skort-swim-set-stripe,"Scoop Neck Top and Skort Swim Set / Stripe",51.9626827507704,0.0241910304570813,27.7716522936891,0.16,,"2026-09-12 10:54:16.056416+00",dress,"{""nylon"": 82, ""other"": 18}",,0.82,2,B,t,f
e63b6835-6272-4a33-ac1f-c027f64d78b1,8a81117f-67e1-40e8-9901-f93be24dd4e9,lace-high-waist-swim-pants-black,"Lace High Waist Swim Pants / Black",98.1451095444026,0.0424599410085713,49.0725547722013,0.24,,"2026-09-12 10:54:03.501795+00",pant,"{""other"": 5, ""polyester"": 95}",,0.82,2,B,t,f
efe92641-8d3c-4660-acd9-c7a044ca8e3d,8a81117f-67e1-40e8-9901-f93be24dd4e9,vintage-wash-oversized-tee-and-shorts-set-coffee-color,"Vintage Wash Oversized Tee and Shorts Set / Coffee Color",98.1451095444026,0.0424599410085713,49.0725547722013,0.24,,"2026-09-12 10:54:09.528032+00",pant,"{""other"": 5, ""polyester"": 95}",,0.82,2,B,t,f
c149b3de-7b24-4524-b3ed-38000b6ec1f2,8a81117f-67e1-40e8-9901-f93be24dd4e9,mens-compression-fit-snake-print-active-t-shirt-white,"Men's Compression Fit Snake Print Active T-Shirt / White",80,0.04,40,0.18,,"2026-09-12 10:54:16.161057+00",tee,"{""other"": 100}",,0.82,2,B,t,f
f924cc2f-ec63-428f-a59c-a37643f0652c,8a81117f-67e1-40e8-9901-f93be24dd4e9,button-down-knit-cardigan-1-navy,"Button-Down Knit Cardigan / Navy",129.847591034927,0.0658928073908586,65.6990050161796,0.32,,"2026-09-12 10:54:15.194315+00",outerwear,"{""nylon"": 25, ""other"": 30, ""acrylic"": 45}",,0.82,2,B,t,f
8982b2a8-0a3d-4d95-a2cf-3e6af782d7d9,8a81117f-67e1-40e8-9901-f93be24dd4e9,button-down-knit-cardigan-apricot,"Button-Down Knit Cardigan / Apricot",155.041899743197,0.0775209498715983,77.5209498715983,0.32,,"2026-09-12 10:54:18.445843+00",outerwear,"{""other"": 100}",,0.82,2,B,t,f
0f6527bc-c958-4660-bcd3-a769a5612c0c,8a81117f-67e1-40e8-9901-f93be24dd4e9,usa-lettering-bow-embroidered-t-shirt-white,"USA Lettering Bow Embroidered T Shirt / White",77,0.0338,38.5,0.18,,"2026-09-12 10:54:19.786676+00",tee,"{""other"": 6, ""cotton"": 32, ""polyester"": 62}",,0.82,2,B,t,f
c20d768c-e58f-4118-9f83-c4199389d9b6,8a81117f-67e1-40e8-9901-f93be24dd4e9,camo-print-casual-t-shirt-gray,"Camo Print Casual T Shirt / Gray",70.5,0.0305,35.25,0.18,,"2026-09-12 10:54:20.650903+00",tee,"{""other"": 5, ""polyester"": 95}",,0.82,2,B,t,f
39e773ad-db62-4420-b42e-ab58f0849321,8a81117f-67e1-40e8-9901-f93be24dd4e9,mens-classic-pocket-polo-shirt-with-stand-collar-black,"Men's Classic Pocket Polo Shirt with Stand Collar / Black",89.5,0.04,44.75,0.18,,"2026-09-12 10:53:45.628658+00",tee,"{""other"": 5, ""cotton"": 95}",,0.82,2,B,t,f
23b9ec30-1e34-44e3-bf6b-84652fe2f76a,8a81117f-67e1-40e8-9901-f93be24dd4e9,mens-classic-pocket-polo-shirt-with-stand-collar-beige,"Men's Classic Pocket Polo Shirt with Stand Collar / Beige",89.5,0.04,44.75,0.18,,"2026-09-12 10:53:49.386074+00",tee,"{""other"": 5, ""cotton"": 95}",,0.82,2,B,t,f
72c9ed56-558a-4b94-a8cd-2535105c55c6,8a81117f-67e1-40e8-9901-f93be24dd4e9,mens-classic-pocket-polo-shirt-with-stand-collar-dusty-blue,"Men's Classic Pocket Polo Shirt with Stand Collar / Dusty Blue",89.5,0.04,44.75,0.18,,"2026-09-12 10:53:52.465248+00",tee,"{""other"": 5, ""cotton"": 95}",,0.82,2,B,t,f
7cbc41c6-b28a-4285-aa8a-6c0addf31110,8a81117f-67e1-40e8-9901-f93be24dd4e9,mens-contrast-collar-quarter-zip-polo-shirt-matcha-green,"Men's Contrast Collar Quarter-Zip Polo Shirt / Matcha Green",66.2,0.02845,32.2,0.18,,"2026-09-12 10:53:37.574345+00",tee,"{""other"": 7, ""rayon"": 45, ""polyester"": 48}",,0.82,2,B,t,f
0a743e46-7add-4a4f-ac1c-d94f3daee0bc,8a81117f-67e1-40e8-9901-f93be24dd4e9,mens-contrast-collar-quarter-zip-polo-shirt-dusty-blue,"Men's Contrast Collar Quarter-Zip Polo Shirt / Dusty Blue",66.2,0.02845,32.2,0.18,,"2026-09-12 10:53:51.810796+00",tee,"{""other"": 7, ""rayon"": 45, ""polyester"": 48}",,0.82,2,B,t,f
c882dbf5-128d-4a37-94d0-7c91cc2ff75e,8a81117f-67e1-40e8-9901-f93be24dd4e9,mens-plus-size-embroidered-pocket-polo-shirt-black,"Men's Plus Size Embroidered Pocket Polo Shirt / Black",89.5,0.04,44.75,0.18,,"2026-09-12 10:53:36.763263+00",tee,"{""other"": 5, ""cotton"": 95}",,0.82,2,B,t,f
ec28fd65-a70e-4cb8-b6e0-d0dc2543db3e,8a81117f-67e1-40e8-9901-f93be24dd4e9,strapless-draped-maxi-dress-green,"Strapless Draped Maxi Dress / Green",69.8657919338089,0.0349328959669045,34.9328959669045,0.16,,"2026-09-12 10:53:40.375818+00",dress,"{""other"": 100}",,0.82,2,B,t,f
a78446ec-f3eb-4082-aab3-bc4be83944f2,8a81117f-67e1-40e8-9901-f93be24dd4e9,halter-neck-maxi-dress-light-yellow,"Halter Neck Maxi Dress / Light Yellow",69.8657919338089,0.0349328959669045,34.9328959669045,0.16,,"2026-09-12 10:53:44.916493+00",dress,"{""other"": 100}",,0.82,2,B,t,f
7a12780f-75b7-4d1c-9d13-51a612c81b11,8a81117f-67e1-40e8-9901-f93be24dd4e9,cargo-denim-skirt-black,"Cargo Denim Skirt / Black",84.9198820171427,0.0358473272449414,39.8148955031193,0.24,,"2026-09-12 10:54:05.460272+00",pant,"{""other"": 5, ""rayon"": 95}",,0.82,2,B,t,f
3c96c1c7-0a16-4dff-b285-f59b8ce05dd9,8a81117f-67e1-40e8-9901-f93be24dd4e9,scoop-neck-top-and-skort-swim-set-black-orange,"Scoop Neck Top and Skort Swim Set / Black/Orange",51.9626827507704,0.0241910304570813,27.7716522936891,0.16,,"2026-09-12 10:54:02.122137+00",dress,"{""nylon"": 82, ""other"": 18}",,0.82,2,B,t,f
62870af7-f0ec-437e-8bb7-b515e693c113,8a81117f-67e1-40e8-9901-f93be24dd4e9,scoop-neck-top-and-skort-swim-set-mocha,"Scoop Neck Top and Skort Swim Set / Mocha",51.9626827507704,0.0241910304570813,27.7716522936891,0.16,,"2026-09-12 10:54:11.152968+00",dress,"{""nylon"": 82, ""other"": 18}",,0.82,2,B,t,f
13290582-2c0e-4b57-a823-b56521773493,8a81117f-67e1-40e8-9901-f93be24dd4e9,vintage-wash-oversized-tee-and-shorts-set-dark-gray,"Vintage Wash Oversized Tee and Shorts Set / Dark Gray",98.1451095444026,0.0424599410085713,49.0725547722013,0.24,,"2026-09-12 10:54:06.212524+00",pant,"{""other"": 5, ""polyester"": 95}",,0.82,2,B,t,f
245f1be3-5abe-4ad5-8ae9-2922570ee0ba,8a81117f-67e1-40e8-9901-f93be24dd4e9,zenana-cotton-slub-oversized-tee-1-dusty-blue,"Zenana Cotton Slub Oversized Tee / DUSTY BLUE",82,0.0361,41,0.18,,"2026-09-12 10:54:09.394197+00",tee,"{""other"": 2, ""cotton"": 59, ""polyester"": 39}",,0.82,2,B,t,f
a7bddbff-0617-42d4-ac98-7562b4e9abd9,8a81117f-67e1-40e8-9901-f93be24dd4e9,party-in-the-usa-graphic-oversized-tee-white,"PARTY IN THE USA Graphic Oversized Tee / White",89.5,0.04,44.75,0.18,,"2026-09-12 10:54:10.772041+00",tee,"{""other"": 5, ""cotton"": 95}",,0.82,2,B,t,f
f6302c95-ff9a-467f-9b3b-8593689fbdf2,8a81117f-67e1-40e8-9901-f93be24dd4e9,mens-compression-fit-snake-print-active-t-shirt-dark-gray,"Men's Compression Fit Snake Print Active T-Shirt / Dark Gray",80,0.04,40,0.18,,"2026-09-12 10:54:12.951691+00",tee,"{""other"": 100}",,0.82,2,B,t,f
a95fd46b-c6a2-41fd-a32a-9f208f35900d,8a81117f-67e1-40e8-9901-f93be24dd4e9,button-down-knit-cardigan-black,"Button-Down Knit Cardigan / Black",155.041899743197,0.0775209498715983,77.5209498715983,0.32,,"2026-09-12 10:54:21.271206+00",outerwear,"{""other"": 100}",,0.82,2,B,t,f
6722e626-15f4-4082-b277-d17513183094,8a81117f-67e1-40e8-9901-f93be24dd4e9,cable-knit-button-down-cardigan-gray,"Cable-Knit Button-Down Cardigan / Gray",129.847591034927,0.0573655029049827,62.908250820802,0.32,,"2026-09-12 10:54:19.551646+00",outerwear,"{""other"": 22, ""viscose"": 52, ""polyester"": 26}",,0.82,2,B,t,f
e47866be-a149-4798-a067-6b2b75ad3cb9,8a81117f-67e1-40e8-9901-f93be24dd4e9,cotton-mineral-wash-t-shirt-turquoise,"Cotton Mineral Wash T Shirt / Turquoise",80,0.04,40,0.18,,"2026-09-12 10:54:23.589969+00",tee,"{""other"": 100}",,0.82,2,B,t,f
e97987be-f966-456f-85bf-097b4c7e1f06,8a81117f-67e1-40e8-9901-f93be24dd4e9,casual-drawstring-jogger-pants-khaki,"Casual Drawstring Jogger Pants / Khaki",111.370337071663,0.0556851685358312,55.6851685358313,0.24,,"2026-09-12 10:54:24.54219+00",pant,"{""other"": 100}",,0.82,2,B,t,f
b6cb93cc-96a5-4fd0-b87b-635d86c0db32,8a81117f-67e1-40e8-9901-f93be24dd4e9,mens-short-sleeve-henley-polo-shirt-chocolate,"Men's Short Sleeve Henley Polo Shirt / Chocolate",86.5,0.04,43.25,0.18,,"2026-09-12 10:53:37.784551+00",tee,"{""other"": 35, ""cotton"": 65}",,0.82,2,B,t,f
4cb383bc-60cd-416b-ae2c-b90981eb1d50,8a81117f-67e1-40e8-9901-f93be24dd4e9,mens-short-sleeve-henley-polo-shirt-light-blue,"Men's Short Sleeve Henley Polo Shirt / Light Blue",86.5,0.04,43.25,0.18,,"2026-09-12 10:53:39.052272+00",tee,"{""other"": 35, ""cotton"": 65}",,0.82,2,B,t,f
5a95759f-cba2-4a46-b61b-31aca1a0058b,8a81117f-67e1-40e8-9901-f93be24dd4e9,mens-short-sleeve-henley-polo-shirt-burgundy,"Men's Short Sleeve Henley Polo Shirt / Burgundy",86.5,0.04,43.25,0.18,,"2026-09-12 10:53:40.670575+00",tee,"{""other"": 35, ""cotton"": 65}",,0.82,2,B,t,f
452381b7-7181-4a07-a609-6815d8ce01d7,8a81117f-67e1-40e8-9901-f93be24dd4e9,mens-short-sleeve-henley-polo-shirt-dusty-blue,"Men's Short Sleeve Henley Polo Shirt / Dusty Blue",86.5,0.04,43.25,0.18,,"2026-09-12 10:53:42.158239+00",tee,"{""other"": 35, ""cotton"": 65}",,0.82,2,B,t,f
6106ec83-b972-4ea1-8f4f-d132fec05fc8,8a81117f-67e1-40e8-9901-f93be24dd4e9,strapless-draped-maxi-dress-brown,"Strapless Draped Maxi Dress / Brown",69.8657919338089,0.0349328959669045,34.9328959669045,0.16,,"2026-09-12 10:53:37.567749+00",dress,"{""other"": 100}",,0.82,2,B,t,f
a85b2553-e6d7-423f-b783-ead65040275b,8a81117f-67e1-40e8-9901-f93be24dd4e9,sequin-sleeveless-maxi-dress-black,"Sequin Sleeveless Maxi Dress / Black",69.8657919338089,0.0349328959669045,34.9328959669045,0.16,,"2026-09-12 10:53:41.313151+00",dress,"{""other"": 100}",,0.82,2,B,t,f
391a9cd0-7de6-4242-8e8f-2b5482014612,8a81117f-67e1-40e8-9901-f93be24dd4e9,one-shoulder-draped-maxi-dress-yellow,"One-Shoulder Draped Maxi Dress / Yellow",69.8657919338089,0.0349328959669045,34.9328959669045,0.16,,"2026-09-12 10:53:48.423687+00",dress,"{""other"": 100}",,0.82,2,B,t,f
9b369785-e6c3-4356-993c-464bb170fa34,8a81117f-67e1-40e8-9901-f93be24dd4e9,off-the-shoulder-maxi-dress-white,"Off-the-Shoulder Maxi Dress / White",69.8657919338089,0.0349328959669045,34.9328959669045,0.16,,"2026-09-12 10:53:55.061349+00",dress,"{""other"": 100}",,0.82,2,B,t,f
c3283dca-2c20-4322-bda9-2ce7b3184016,8a81117f-67e1-40e8-9901-f93be24dd4e9,off-the-shoulder-maxi-dress-brown-polka-dots,"Off-the-Shoulder Maxi Dress / Brown Polka Dots",69.8657919338089,0.0349328959669045,34.9328959669045,0.16,,"2026-09-12 10:54:06.565752+00",dress,"{""other"": 100}",,0.82,2,B,t,f
fd829951-3680-4344-95ee-8e10db35ab12,8a81117f-67e1-40e8-9901-f93be24dd4e9,off-the-shoulder-maxi-dress-navy-blue-polka-dots,"Off-the-Shoulder Maxi Dress / Navy Blue Polka Dots",69.8657919338089,0.0349328959669045,34.9328959669045,0.16,,"2026-09-12 10:54:14.204919+00",dress,"{""other"": 100}",,0.82,2,B,t,f
f946761a-1716-4c83-9f4a-5ea2adbb3bfa,8a81117f-67e1-40e8-9901-f93be24dd4e9,cargo-denim-skirt-dark,"Cargo Denim Skirt / Dark",84.9198820171427,0.0358473272449414,39.8148955031193,0.24,,"2026-09-12 10:54:01.977259+00",pant,"{""other"": 5, ""rayon"": 95}",,0.82,2,B,t,f
93e8e91a-f36e-4e9f-a53f-1f55da861d1d,8a81117f-67e1-40e8-9901-f93be24dd4e9,suede-midi-skirt-dark-brown,"Suede Midi Skirt / Dark Brown",98.005896623063,0.0423207280872318,49.0029483115315,0.24,,"2026-09-12 10:53:58.916546+00",pant,"{""other"": 4, ""polyester"": 96}",,0.82,2,B,t,f
c5a7d52f-0f1b-4816-99f1-1a491e07920c,8a81117f-67e1-40e8-9901-f93be24dd4e9,scoop-neck-top-and-skort-swim-set-black-blue,"Scoop Neck Top and Skort Swim Set / Black/Blue",51.9626827507704,0.0241910304570813,27.7716522936891,0.16,,"2026-09-12 10:54:03.657519+00",dress,"{""nylon"": 82, ""other"": 18}",,0.82,2,B,t,f
8eeb0e01-95f8-4a86-90cc-9e6034ffcbbe,8a81117f-67e1-40e8-9901-f93be24dd4e9,scoop-neck-top-and-skort-swim-set-black,"Scoop Neck Top and Skort Swim Set / Black",51.9626827507704,0.0241910304570813,27.7716522936891,0.16,,"2026-09-12 10:54:09.245899+00",dress,"{""nylon"": 82, ""other"": 18}",,0.82,2,B,t,f
b1e8fc5c-1a7d-4460-aa69-a815dd6a9085,8a81117f-67e1-40e8-9901-f93be24dd4e9,vintage-wash-oversized-tee-and-shorts-set-green,"Vintage Wash Oversized Tee and Shorts Set / Green",98.1451095444026,0.0424599410085713,49.0725547722013,0.24,,"2026-09-12 10:54:12.751046+00",pant,"{""other"": 5, ""polyester"": 95}",,0.82,2,B,t,f
41e98e0e-2714-4c0d-964f-a836d649de0c,8a81117f-67e1-40e8-9901-f93be24dd4e9,vintage-wash-oversized-tee-and-shorts-set-light-gray,"Vintage Wash Oversized Tee and Shorts Set / Light Gray",98.1451095444026,0.0424599410085713,49.0725547722013,0.24,,"2026-09-12 10:54:15.67054+00",pant,"{""other"": 5, ""polyester"": 95}",,0.82,2,B,t,f
1ea54fe9-ee23-41c9-8089-d98e8995b136,8a81117f-67e1-40e8-9901-f93be24dd4e9,zenana-cotton-slub-oversize-tee-ash-jade,"Zenana Cotton Slub Oversize Tee / ASH JADE",82,0.0361,41,0.18,,"2026-09-12 10:54:07.64843+00",tee,"{""other"": 2, ""cotton"": 59, ""polyester"": 39}",,0.82,2,B,t,f
8c3f25c0-7281-435c-ae63-b2eab98ca83c,8a81117f-67e1-40e8-9901-f93be24dd4e9,zenana-cotton-slub-oversized-tee-brown,"Zenana Cotton Slub Oversized Tee / BROWN",82,0.0361,41,0.18,,"2026-09-12 10:54:10.772034+00",tee,"{""other"": 2, ""cotton"": 59, ""polyester"": 39}",,0.82,2,B,t,f
2c31819d-df1a-43ee-93c2-9832d63d893f,8a81117f-67e1-40e8-9901-f93be24dd4e9,openwork-zip-up-cardigan-beige,"Openwork Zip-Up Cardigan / Beige",155.041899743197,0.0775209498715983,77.5209498715983,0.32,,"2026-09-12 10:54:19.576245+00",outerwear,"{""other"": 100}",,0.82,2,B,t,f
fc7a2249-b297-4a2f-805b-d012ec3d352c,8a81117f-67e1-40e8-9901-f93be24dd4e9,cutout-one-shoulder-maxi-dress-black,"Cutout One-Shoulder Maxi Dress / Black",69.8657919338089,0.0349328959669045,34.9328959669045,0.16,https://cdn.shopify.com/s/files/1/0844/1973/9892/files/b309b7fee9504eed876be28119ed1fba-Max.jpg?v=1788198224,"2026-09-12 10:53:49.617927+00",dress,"{""other"": 100}",,0.74,2,B,t,t
5ad02575-1378-4255-b708-6f325fbf53e0,8a81117f-67e1-40e8-9901-f93be24dd4e9,mens-contrast-collar-quarter-zip-polo-shirt-dark-gray,"Men's Contrast Collar Quarter-Zip Polo Shirt / Dark Gray",66.2,0.02845,32.2,0.18,,"2026-09-12 10:53:41.027385+00",tee,"{""other"": 7, ""rayon"": 45, ""polyester"": 48}",,0.82,2,B,t,f
044cb090-74b5-4b8c-83ec-e923b6b7a605,8a81117f-67e1-40e8-9901-f93be24dd4e9,mens-contrast-collar-quarter-zip-polo-shirt-burgundy,"Men's Contrast Collar Quarter-Zip Polo Shirt / Burgundy",66.2,0.02845,32.2,0.18,,"2026-09-12 10:53:44.178257+00",tee,"{""other"": 7, ""rayon"": 45, ""polyester"": 48}",,0.82,2,B,t,f
aeda2970-ca63-4a13-8777-3a777d906772,8a81117f-67e1-40e8-9901-f93be24dd4e9,mens-contrast-collar-quarter-zip-polo-shirt-air-force-blue,"Men's Contrast Collar Quarter-Zip Polo Shirt / Air Force Blue",66.2,0.02845,32.2,0.18,,"2026-09-12 10:53:48.512708+00",tee,"{""other"": 7, ""rayon"": 45, ""polyester"": 48}",,0.82,2,B,t,f
a914867f-7c6c-4aa1-84dc-18fd5b59a1a1,8a81117f-67e1-40e8-9901-f93be24dd4e9,off-the-shoulder-maxi-dress-black,"Off-the-Shoulder Maxi Dress / Black",69.8657919338089,0.0349328959669045,34.9328959669045,0.16,,"2026-09-12 10:53:59.261368+00",dress,"{""other"": 100}",,0.82,2,B,t,f
3eb16f5a-c7a9-4e3b-b386-18add7445faf,8a81117f-67e1-40e8-9901-f93be24dd4e9,off-the-shoulder-maxi-dress-black-polka-dots,"Off-the-Shoulder Maxi Dress / Black Polka Dots",69.8657919338089,0.0349328959669045,34.9328959669045,0.16,,"2026-09-12 10:54:02.992004+00",dress,"{""other"": 100}",,0.82,2,B,t,f
89958ca5-4f9b-4353-ac15-0e02a612b209,8a81117f-67e1-40e8-9901-f93be24dd4e9,off-the-shoulder-maxi-dress-red-polka-dots,"Off-the-Shoulder Maxi Dress / Red Polka Dots",69.8657919338089,0.0349328959669045,34.9328959669045,0.16,,"2026-09-12 10:54:10.765678+00",dress,"{""other"": 100}",,0.82,2,B,t,f
3c854952-3833-4e85-9873-40b6ddc3e343,8a81117f-67e1-40e8-9901-f93be24dd4e9,a-line-textured-skirt-taupe,"A-Line Textured Skirt / Taupe",111.370337071663,0.0556851685358312,55.6851685358313,0.24,,"2026-09-12 10:53:56.528969+00",pant,"{""other"": 100}",,0.82,2,B,t,f
6eb7d479-769c-46fb-a26e-5160267930b4,8a81117f-67e1-40e8-9901-f93be24dd4e9,striped-maxi-skirt-yellow,"Striped Maxi Skirt / Yellow",98.1451095444026,0.0424599410085713,49.0725547722013,0.24,,"2026-09-12 10:53:56.88092+00",pant,"{""other"": 5, ""polyester"": 95}",,0.82,2,B,t,f
7995e821-3594-45bc-ad1d-a90b28c78ddb,8a81117f-67e1-40e8-9901-f93be24dd4e9,scoop-neck-top-and-skort-swim-set-hot-pink,"Scoop Neck Top and Skort Swim Set / Hot Pink",51.9626827507704,0.0241910304570813,27.7716522936891,0.16,,"2026-09-12 10:54:00.446126+00",dress,"{""nylon"": 82, ""other"": 18}",,0.82,2,B,t,f
4ada2534-b5e9-4dc1-b1a0-ad22ba78b11f,8a81117f-67e1-40e8-9901-f93be24dd4e9,scoop-neck-top-and-skort-swim-set-orange,"Scoop Neck Top and Skort Swim Set / Orange",51.9626827507704,0.0241910304570813,27.7716522936891,0.16,,"2026-09-12 10:54:07.496694+00",dress,"{""nylon"": 82, ""other"": 18}",,0.82,2,B,t,f
41c775e5-a772-43a5-b8ce-03ea05e3a8a7,8a81117f-67e1-40e8-9901-f93be24dd4e9,scoop-neck-top-and-skort-swim-set-sky-blue,"Scoop Neck Top and Skort Swim Set / Sky Blue",51.9626827507704,0.0241910304570813,27.7716522936891,0.16,,"2026-09-12 10:54:14.164943+00",dress,"{""nylon"": 82, ""other"": 18}",,0.82,2,B,t,f
50a6e63f-4a49-4e79-bb95-808c98a65a11,8a81117f-67e1-40e8-9901-f93be24dd4e9,annie-wear-striped-button-up-half-sleeve-shirt-dusty-blue,"Annie Wear Striped Button Up Half Sleeve Shirt / Dusty Blue",80,0.04,40,0.18,,"2026-09-12 10:54:02.648961+00",tee,"{""other"": 100}",,0.82,2,B,t,f
fbfa2e08-f448-4222-9e3e-72b5a60477bc,8a81117f-67e1-40e8-9901-f93be24dd4e9,so-me-mid-rise-wide-leg-chino-pants-with-pockets-sage,"SO ME Mid Rise Wide Leg Chino Pants With Pockets / SAGE",111.370337071663,0.0556851685358312,55.6851685358313,0.24,,"2026-09-12 10:54:05.689756+00",pant,"{""other"": 100}",,0.82,2,B,t,f
ec8d2ce9-33a7-4062-b611-8773e2f78e50,8a81117f-67e1-40e8-9901-f93be24dd4e9,men-s-compression-pants-quick-dry-sports-tights-black,"Men’s Compression Pants Quick Dry Sports Tights / Black",98.1451095444026,0.0424599410085713,49.0725547722013,0.24,,"2026-09-12 10:54:13.705143+00",pant,"{""other"": 5, ""polyester"": 95}",,0.82,2,B,t,f
4ab5a888-c397-4830-a55b-559f4bb62529,8a81117f-67e1-40e8-9901-f93be24dd4e9,men-s-compression-pants-quick-dry-sports-tights-gray,"Men’s Compression Pants Quick Dry Sports Tights / Gray",98.1451095444026,0.0424599410085713,49.0725547722013,0.24,,"2026-09-12 10:54:15.084257+00",pant,"{""other"": 5, ""polyester"": 95}",,0.82,2,B,t,f
469227b5-2529-417c-a4ea-cad8ecd62afb,8a81117f-67e1-40e8-9901-f93be24dd4e9,button-down-knit-cardigan-gray,"Button-Down Knit Cardigan / Gray",155.041899743197,0.0775209498715983,77.5209498715983,0.32,,"2026-09-12 10:54:26.626465+00",outerwear,"{""other"": 100}",,0.82,2,B,t,f
12617226-c5f8-4e32-83af-11391215f665,8a81117f-67e1-40e8-9901-f93be24dd4e9,leopard-print-button-up-cardigan-long-sleeve-cardigans-leopard,"Leopard Print Button-Up Cardigan Long Sleeve Cardigans / Leopard",129.847591034927,0.0573655029049827,62.908250820802,0.32,,"2026-09-12 10:54:19.580038+00",outerwear,"{""other"": 22, ""viscose"": 52, ""polyester"": 26}",,0.82,2,B,t,f
51d985b2-fe69-4085-a68b-3420ef6a21f5,8a81117f-67e1-40e8-9901-f93be24dd4e9,casual-drawstring-jogger-pants-gray,"Casual Drawstring Jogger Pants / Gray",111.370337071663,0.0556851685358312,55.6851685358313,0.24,,"2026-09-12 10:54:26.846616+00",pant,"{""other"": 100}",,0.82,2,B,t,f
91ef1641-e5a5-4287-82b5-85fcb4d6ac3a,8a81117f-67e1-40e8-9901-f93be24dd4e9,paisley-mock-neck-t-shirt-floral,"Paisley Mock Neck T Shirt / Floral",70.5,0.0305,35.25,0.18,,"2026-09-12 10:54:23.287378+00",tee,"{""other"": 5, ""polyester"": 95}",,0.82,2,B,t,f
59cf82d6-9d34-4946-b0e1-e12aae1d4440,8a81117f-67e1-40e8-9901-f93be24dd4e9,casual-drawstring-jogger-pants-green,"Casual Drawstring Jogger Pants / Green",111.370337071663,0.0556851685358312,55.6851685358313,0.24,,"2026-09-12 10:54:28.923122+00",pant,"{""other"": 100}",,0.82,2,B,t,f
68d7995c-2bfa-4beb-847a-eb3d717e0fdf,8a81117f-67e1-40e8-9901-f93be24dd4e9,casual-drawstring-jogger-pants-purple,"Casual Drawstring Jogger Pants / Purple",111.370337071663,0.0556851685358312,55.6851685358313,0.24,,"2026-09-12 10:54:31.81398+00",pant,"{""other"": 100}",,0.82,2,B,t,f
949e1da7-aeb6-4095-90b4-45241093e45f,8a81117f-67e1-40e8-9901-f93be24dd4e9,millennia-square-neck-sports-tank-dress-with-full-coverage-bottoms-white,"Millennia Square Neck Sports Tank Dress with Full Coverage Bottoms / White",52.3993439503567,0.0244530271768331,27.9463167735236,0.16,,"2026-09-12 10:54:29.577163+00",dress,"{""nylon"": 80, ""other"": 20}",,0.82,2,B,t,f
68c2313f-ae1f-45ae-8bd3-ce68b57f472f,8a81117f-67e1-40e8-9901-f93be24dd4e9,millennia-racerback-cropped-sports-tank-cerise,"Millennia Racerback Cropped Sports Tank / Cerise",60,0.028,32,0.18,,"2026-09-12 10:54:33.717975+00",tee,"{""nylon"": 80, ""other"": 20}",,0.82,2,B,t,f
8ce65e0b-de15-47a9-858c-4d30e3fa1419,8a81117f-67e1-40e8-9901-f93be24dd4e9,shirts-for-men-face-art-print-short-sleeve-tshirts-streetwear-mens-black-a,"Shirts For Men Face Art Print Short Sleeve Tshirts Streetwear Mens / Black A",70,0.03,35,0.18,,"2026-09-12 10:54:26.935914+00",tee,"{""polyester"": 100}",,0.35,2,C,t,f
9ee8f7b3-e0d4-467c-9466-1f6d4d276a68,8a81117f-67e1-40e8-9901-f93be24dd4e9,shirts-for-men-face-art-print-short-sleeve-tshirts-streetwear-mens-blackc,"Shirts For Men Face Art Print Short Sleeve Tshirts Streetwear Mens / BlackC",70,0.03,35,0.18,,"2026-09-12 10:54:30.870949+00",tee,"{""polyester"": 100}",,0.35,2,C,t,f
bcfaf8f8-ac8d-4f4f-aa4c-a60163fc7159,8a81117f-67e1-40e8-9901-f93be24dd4e9,button-down-knit-cardigan-brown,"Button-Down Knit Cardigan / Brown",155.041899743197,0.0775209498715983,77.5209498715983,0.32,,"2026-09-12 10:54:24.134309+00",outerwear,"{""other"": 100}",,0.82,2,B,t,f
fedc1d18-b38f-4d65-899c-2b6da6f85966,8a81117f-67e1-40e8-9901-f93be24dd4e9,textured-color-block-t-shirt-white,"Textured Color Block T Shirt / White",70.5,0.0305,35.25,0.18,,"2026-09-12 10:54:23.590891+00",tee,"{""other"": 5, ""polyester"": 95}",,0.82,2,B,t,f
5309ac39-8142-4032-a7c1-14946b791468,8a81117f-67e1-40e8-9901-f93be24dd4e9,shirts-for-men-face-art-print-short-sleeve-tshirts-streetwear-mens-blackb,"Shirts For Men Face Art Print Short Sleeve Tshirts Streetwear Mens / BlackB",70,0.03,35,0.18,,"2026-09-12 10:54:29.573267+00",tee,"{""polyester"": 100}",,0.35,2,C,t,f
f8031fdc-ea16-43b3-8dde-8966e40a7465,8a81117f-67e1-40e8-9901-f93be24dd4e9,shirts-for-men-face-art-print-short-sleeve-tshirts-streetwear-mens-blackd,"Shirts For Men Face Art Print Short Sleeve Tshirts Streetwear Mens / BlackD",70,0.03,35,0.18,,"2026-09-12 10:54:32.684203+00",tee,"{""polyester"": 100}",,0.35,2,C,t,f
4172c74d-a177-4de6-aa54-b21b4222f48d,8a81117f-67e1-40e8-9901-f93be24dd4e9,umgee-fleece-jogger-pants-with-drawstring-sand,"Umgee Fleece Jogger Pants with Drawstring / SAND",119.027047745339,0.0556851685358313,59.5135238726696,0.24,,"2026-09-12 10:54:24.758981+00",pant,"{""other"": 45, ""cotton"": 55}",,0.82,2,B,t,f
c75291fc-0f6e-4551-8c6e-b8f6deb03894,8a81117f-67e1-40e8-9901-f93be24dd4e9,millennia-square-neck-sports-tank-dress-with-full-coverage-bottoms-army-green,"Millennia Square Neck Sports Tank Dress with Full Coverage Bottoms / Army Green",52.3993439503567,0.0244530271768331,27.9463167735236,0.16,,"2026-09-12 10:54:26.826134+00",dress,"{""nylon"": 80, ""other"": 20}",,0.82,2,B,t,f
bf02fc8d-ffa1-423e-b6ce-46da35babee7,8a81117f-67e1-40e8-9901-f93be24dd4e9,millennia-racerback-cropped-sports-tank-neon-green,"Millennia Racerback Cropped Sports Tank / Neon Green",60,0.028,32,0.18,,"2026-09-12 10:54:26.994272+00",tee,"{""nylon"": 80, ""other"": 20}",,0.82,2,B,t,f
f38a9ae7-c421-482e-926a-f50cd7385081,8a81117f-67e1-40e8-9901-f93be24dd4e9,shirts-for-men-face-art-print-short-sleeve-tshirts-streetwear-mens-black,"Shirts For Men Face Art Print Short Sleeve Tshirts Streetwear Mens / Black",70,0.03,35,0.18,,"2026-09-12 10:54:28.172857+00",tee,"{""polyester"": 100}",,0.35,2,C,t,f
660a47d6-f022-442a-8002-f088ad47380a,8a81117f-67e1-40e8-9901-f93be24dd4e9,mens-long-sleeve-polo-shirt-with-chest-pocket-blue,"Men's Long Sleeve Polo Shirt with Chest Pocket / Blue",89.6,0.04,44.8,0.18,,"2026-09-08 03:30:54.543197+00",tee,"{""other"": 4, ""cotton"": 96}",,0.82,2,B,t,f
f2358dba-dfcb-4d4a-9ce5-51fdbf9d10e2,8a81117f-67e1-40e8-9901-f93be24dd4e9,mens-long-sleeve-polo-shirt-with-chest-pocket-plum-purple,"Men's Long Sleeve Polo Shirt with Chest Pocket / Plum Purple",89.6,0.04,44.8,0.18,,"2026-09-08 03:30:56.024343+00",tee,"{""other"": 4, ""cotton"": 96}",,0.82,2,B,t,f
7c9fc641-c295-4857-8c68-e1e2a49ea145,8a81117f-67e1-40e8-9901-f93be24dd4e9,mens-classic-pocket-polo-shirt-with-stand-collar-burgundy,"Men's Classic Pocket Polo Shirt with Stand Collar / Burgundy",89.5,0.04,44.75,0.18,,"2026-09-12 10:53:39.87365+00",tee,"{""other"": 5, ""cotton"": 95}",,0.82,2,B,t,f
7e5c7d93-8cfb-4647-bf92-2ceb24031933,8a81117f-67e1-40e8-9901-f93be24dd4e9,mens-classic-pocket-polo-shirt-with-stand-collar-dark-gray,"Men's Classic Pocket Polo Shirt with Stand Collar / Dark Gray",89.5,0.04,44.75,0.18,,"2026-09-12 10:53:42.674908+00",tee,"{""other"": 5, ""cotton"": 95}",,0.82,2,B,t,f
2673e163-1f47-48ac-ba78-6a9ec1ef5011,8a81117f-67e1-40e8-9901-f93be24dd4e9,crisscross-printed-two-piece-swim-set-orange-red,"Crisscross Printed Two-Piece Swim Set / Orange-Red",51.9626827507704,0.0241910304570813,27.7716522936891,0.16,,"2026-09-13 05:38:02.027437+00",dress,"{""nylon"": 82, ""other"": 18}",,0.82,2,B,t,f
ae7f45d8-cfea-4d22-b8c7-73c5dd966556,8a81117f-67e1-40e8-9901-f93be24dd4e9,cutout-printed-two-piece-swim-set-yellow,"Cutout Printed Two-Piece Swim Set / Yellow",61.6177470527343,0.0266848510858298,30.8088735263671,0.16,,"2026-09-13 05:38:05.304297+00",dress,"{""other"": 5, ""polyester"": 85}",,0.82,2,B,t,f
cb32aaae-1d5e-4154-b947-466ae5e84594,8a81117f-67e1-40e8-9901-f93be24dd4e9,cutout-printed-two-piece-swim-set-pink,"Cutout Printed Two-Piece Swim Set / Pink",61.6177470527343,0.0266848510858298,30.8088735263671,0.16,,"2026-09-13 05:38:07.923953+00",dress,"{""other"": 5, ""polyester"": 85}",,0.82,2,B,t,f
e972f271-6940-49c3-a11b-714885b1c8da,8a81117f-67e1-40e8-9901-f93be24dd4e9,drawstring-cutout-swim-shorts-white,"Drawstring Cutout Swim Shorts / White",111.370337071663,0.0556851685358312,55.6851685358313,0.24,,"2026-09-13 05:38:12.308965+00",pant,"{""other"": 100}",,0.82,2,B,t,f
6fe1d05a-f274-45dc-9710-5c90d46d6c90,8a81117f-67e1-40e8-9901-f93be24dd4e9,drawstring-cutout-swim-shorts-black,"Drawstring Cutout Swim Shorts / Black",111.370337071663,0.0556851685358312,55.6851685358313,0.24,,"2026-09-13 05:38:14.528559+00",pant,"{""other"": 100}",,0.82,2,B,t,f
0177b1fb-cf3d-4b59-8c8a-6a2aa821e1ff,8a81117f-67e1-40e8-9901-f93be24dd4e9,drawstring-cutout-swim-shorts-khaki,"Drawstring Cutout Swim Shorts / Khaki",111.370337071663,0.0556851685358312,55.6851685358313,0.24,,"2026-09-13 05:38:16.702593+00",pant,"{""other"": 100}",,0.82,2,B,t,f
6cb03930-a11d-4414-bb73-0d17266736ba,8a81117f-67e1-40e8-9901-f93be24dd4e9,millennia-racerback-cropped-sports-tank-white,"Millennia Racerback Cropped Sports Tank / White",60,0.028,32,0.18,,"2026-09-12 10:54:29.940252+00",tee,"{""nylon"": 80, ""other"": 20}",,0.82,2,B,t,f
888a7695-5e40-4710-b8d1-11b85ad7c697,8a81117f-67e1-40e8-9901-f93be24dd4e9,millennia-racerback-cropped-sports-tank-black,"Millennia Racerback Cropped Sports Tank / Black",60,0.028,32,0.18,,"2026-09-12 10:54:37.568201+00",tee,"{""nylon"": 80, ""other"": 20}",,0.82,2,B,t,f
d86065c3-930b-450e-b8e8-7b860420b9e8,8a81117f-67e1-40e8-9901-f93be24dd4e9,millennia-racerback-cropped-sports-tank-army-green,"Millennia Racerback Cropped Sports Tank / Army Green",60,0.028,32,0.18,,"2026-09-12 10:54:40.464274+00",tee,"{""nylon"": 80, ""other"": 20}",,0.82,2,B,t,f
0df8dce9-e681-4a4b-8ad1-d23757bcbc26,8a81117f-67e1-40e8-9901-f93be24dd4e9,millennia-racerback-cropped-sports-tank-sky-blue,"Millennia Racerback Cropped Sports Tank / Sky Blue",60,0.028,32,0.18,,"2026-09-12 10:54:43.221879+00",tee,"{""nylon"": 80, ""other"": 20}",,0.82,2,B,t,f
fde5aaf7-73ab-416a-8f8d-e3c606ba4390,8a81117f-67e1-40e8-9901-f93be24dd4e9,millennia-racerback-cropped-sports-tank-dark-gray,"Millennia Racerback Cropped Sports Tank / Dark Gray",60,0.028,32,0.18,,"2026-09-12 10:54:46.00672+00",tee,"{""nylon"": 80, ""other"": 20}",,0.82,2,B,t,f
e448c627-549d-45f8-9df6-d3c85cdc0286,8a81117f-67e1-40e8-9901-f93be24dd4e9,shirts-for-men-face-art-print-short-sleeve-tshirts-streetwear-mens-blacke,"Shirts For Men Face Art Print Short Sleeve Tshirts Streetwear Mens / BlackE",70,0.03,35,0.18,,"2026-09-12 10:54:35.337049+00",tee,"{""polyester"": 100}",,0.35,2,C,t,f
b28f9639-4e81-42f4-8586-16095af7720b,8a81117f-67e1-40e8-9901-f93be24dd4e9,shirts-for-men-face-art-print-short-sleeve-tshirts-streetwear-mens-blackf,"Shirts For Men Face Art Print Short Sleeve Tshirts Streetwear Mens / BlackF",70,0.03,35,0.18,,"2026-09-12 10:54:36.719976+00",tee,"{""polyester"": 100}",,0.35,2,C,t,f
7c540b24-087d-418f-a9e6-453e123cba09,8a81117f-67e1-40e8-9901-f93be24dd4e9,shirts-for-men-face-art-print-short-sleeve-tshirts-streetwear-mens-blackg,"Shirts For Men Face Art Print Short Sleeve Tshirts Streetwear Mens / BlackG",70,0.03,35,0.18,,"2026-09-12 10:54:38.989744+00",tee,"{""polyester"": 100}",,0.35,2,C,t,f
32015280-35c9-4828-a167-85cebf337ec6,8a81117f-67e1-40e8-9901-f93be24dd4e9,shirts-for-men-face-art-print-short-sleeve-tshirts-streetwear-mens-blackh,"Shirts For Men Face Art Print Short Sleeve Tshirts Streetwear Mens / BlackH",70,0.03,35,0.18,,"2026-09-12 10:54:41.185011+00",tee,"{""polyester"": 100}",,0.35,2,C,t,f
b4f62ac4-302e-446d-93f1-df97d38722c7,8a81117f-67e1-40e8-9901-f93be24dd4e9,shirts-for-men-face-art-print-short-sleeve-tshirts-streetwear-mens-blacki,"Shirts For Men Face Art Print Short Sleeve Tshirts Streetwear Mens / BlackI",70,0.03,35,0.18,,"2026-09-12 10:54:42.728138+00",tee,"{""polyester"": 100}",,0.35,2,C,t,f
82412f44-a015-4d23-8910-f366a21bc2cc,8a81117f-67e1-40e8-9901-f93be24dd4e9,shirts-for-men-face-art-print-short-sleeve-tshirts-streetwear-mens-blackj,"Shirts For Men Face Art Print Short Sleeve Tshirts Streetwear Mens / BlackJ",70,0.03,35,0.18,,"2026-09-12 10:54:44.134161+00",tee,"{""polyester"": 100}",,0.35,2,C,t,f
20a45f92-ae40-450b-b020-420ccd6ef9bd,8a81117f-67e1-40e8-9901-f93be24dd4e9,shirts-for-men-face-art-print-short-sleeve-tshirts-streetwear-mens-blackk,"Shirts For Men Face Art Print Short Sleeve Tshirts Streetwear Mens / BlackK",70,0.03,35,0.18,,"2026-09-12 10:54:45.452535+00",tee,"{""polyester"": 100}",,0.35,2,C,t,f
a3b3c358-a6bd-4d2e-8fce-7e35fe366ca6,8a81117f-67e1-40e8-9901-f93be24dd4e9,full-size-high-waist-compression-slimming-leggings-plus-size-black,"Full Size High Waist Compression Slimming Leggings Plus Size / Black",98.1451095444026,0.0424599410085713,49.0725547722013,0.24,,"2026-09-13 05:38:44.221179+00",pant,"{""other"": 5, ""polyester"": 95}",,0.82,2,B,t,f
5d2ee61c-ef04-467d-ba9b-28e559289a2c,8a81117f-67e1-40e8-9901-f93be24dd4e9,full-size-high-waist-compression-slimming-leggings-plus-size-tan,"Full Size High Waist Compression Slimming Leggings Plus Size / Tan",98.1451095444026,0.0424599410085713,49.0725547722013,0.24,,"2026-09-13 05:38:47.440262+00",pant,"{""other"": 5, ""polyester"": 95}",,0.82,2,B,t,f
03cc4125-1297-47fd-9857-815ce1b805a9,8a81117f-67e1-40e8-9901-f93be24dd4e9,full-size-high-waist-compression-slimming-leggings-plus-size-red,"Full Size High Waist Compression Slimming Leggings Plus Size / Red",98.1451095444026,0.0424599410085713,49.0725547722013,0.24,,"2026-09-13 05:38:50.515042+00",pant,"{""other"": 5, ""polyester"": 95}",,0.82,2,B,t,f
8c7b68c0-00bc-49f6-9382-5c8c3925c9e7,8a81117f-67e1-40e8-9901-f93be24dd4e9,full-size-high-waist-compression-slimming-leggings-plus-size-grey,"Full Size High Waist Compression Slimming Leggings Plus Size / Grey",98.1451095444026,0.0424599410085713,49.0725547722013,0.24,,"2026-09-13 05:38:53.513525+00",pant,"{""other"": 5, ""polyester"": 95}",,0.82,2,B,t,f
b5117198-de79-48b8-9d2a-f2d22e58df46,8a81117f-67e1-40e8-9901-f93be24dd4e9,full-size-high-waist-compression-slimming-leggings-plus-size-coffee,"Full Size High Waist Compression Slimming Leggings Plus Size / Coffee",98.1451095444026,0.0424599410085713,49.0725547722013,0.24,,"2026-09-13 05:38:56.732464+00",pant,"{""other"": 5, ""polyester"": 95}",,0.82,2,B,t,f
1921f0cb-5144-4892-bc11-c31681894360,8a81117f-67e1-40e8-9901-f93be24dd4e9,mens-drawstring-active-shorts-with-built-in-compression-liner-white,"Men's Drawstring Active Shorts with Built-In Compression Liner / White",100.233303364496,0.044548134828665,50.1166516822481,0.24,,"2026-09-13 05:38:59.724718+00",pant,"{""other"": 20, ""polyester"": 80}",,0.82,2,B,t,f
89204375-aca7-4fe5-8391-ac16bf2ab733,8a81117f-67e1-40e8-9901-f93be24dd4e9,mens-drawstring-active-shorts-with-built-in-compression-liner-black,"Men's Drawstring Active Shorts with Built-In Compression Liner / Black",100.233303364496,0.044548134828665,50.1166516822481,0.24,,"2026-09-13 05:39:04.116262+00",pant,"{""other"": 20, ""polyester"": 80}",,0.82,2,B,t,f
e2e81a07-2ba5-472e-ae49-0c7f59ef3f95,8a81117f-67e1-40e8-9901-f93be24dd4e9,mens-drawstring-active-shorts-with-built-in-compression-liner-mint-blue,"Men's Drawstring Active Shorts with Built-In Compression Liner / Mint Blue",100.233303364496,0.044548134828665,50.1166516822481,0.24,,"2026-09-13 05:39:06.325011+00",pant,"{""other"": 20, ""polyester"": 80}",,0.82,2,B,t,f
045a09ab-5efc-442c-8df1-6d385c7392ad,8a81117f-67e1-40e8-9901-f93be24dd4e9,zenana-fleece-drawstring-joggers-with-pocket-1-lt-navy,"Zenana Fleece Drawstring Joggers With Pocket / LT NAVY",119.723112352037,0.0556851685358312,59.8615561760186,0.24,,"2026-09-13 05:39:31.395901+00",pant,"{""other"": 40, ""cotton"": 60}",,0.82,2,B,t,f
b30c9efc-b42d-426e-a745-43342b496bd0,8a81117f-67e1-40e8-9901-f93be24dd4e9,zenana-fleece-drawstring-joggers-with-pocket-ash-jade,"Zenana Fleece Drawstring Joggers With Pocket / ASH JADE",119.723112352037,0.0556851685358312,59.8615561760186,0.24,,"2026-09-13 05:39:33.381655+00",pant,"{""other"": 40, ""cotton"": 60}",,0.82,2,B,t,f
59466e49-9a2b-40a5-801e-82bc11955457,8a81117f-67e1-40e8-9901-f93be24dd4e9,perfee-tied-joggers-with-pockets-taupe,"Perfee Tied Joggers with Pockets / Taupe",120.419176958735,0.0556851685358312,60.2095884793675,0.24,,"2026-09-13 05:39:46.407466+00",pant,"{""other"": 35, ""cotton"": 65}",,0.82,2,B,t,f
f4a59e33-8aa9-4e46-a086-73c93e85d18f,8a81117f-67e1-40e8-9901-f93be24dd4e9,millennia-square-neck-sports-tank-dress-with-full-coverage-bottoms-black,"Millennia Square Neck Sports Tank Dress with Full Coverage Bottoms / Black",52.3993439503567,0.0244530271768331,27.9463167735236,0.16,,"2026-09-12 10:54:32.780178+00",dress,"{""nylon"": 80, ""other"": 20}",,0.82,2,B,t,f
9364e03b-edfa-44fd-97f2-5bfec7edb729,8a81117f-67e1-40e8-9901-f93be24dd4e9,mens-breathable-active-leggings-black,"Men's Breathable Active Leggings / Black",98.1451095444026,0.0424599410085713,49.0725547722013,0.24,,"2026-09-13 05:40:33.508365+00",pant,"{""other"": 5, ""polyester"": 95}",,0.82,2,B,t,f
8b46e81a-d2eb-4143-b5c2-bb6ce7abcee4,8a81117f-67e1-40e8-9901-f93be24dd4e9,high-waist-active-leggings-dark-brown,"High Waist Active Leggings / Dark Brown",84.9198820171427,0.0398148955031193,45.1049865140233,0.24,,"2026-09-13 05:40:35.963852+00",pant,"{""nylon"": 76, ""other"": 24}",,0.82,2,B,t,f
1ea2402f-e6ab-42f0-8eb2-dab2ca0c0f73,8a81117f-67e1-40e8-9901-f93be24dd4e9,high-waist-active-leggings-sage,"High Waist Active Leggings / Sage",84.9198820171427,0.0398148955031193,45.1049865140233,0.24,,"2026-09-13 05:40:38.461984+00",pant,"{""nylon"": 76, ""other"": 24}",,0.82,2,B,t,f
d5d8a82e-51ba-4e1c-b452-35b161245933,8a81117f-67e1-40e8-9901-f93be24dd4e9,high-waist-active-leggings-black,"High Waist Active Leggings / Black",84.9198820171427,0.0398148955031193,45.1049865140233,0.24,,"2026-09-13 05:40:40.890559+00",pant,"{""nylon"": 76, ""other"": 24}",,0.82,2,B,t,f
45266b9c-830b-4c1a-9dfb-ac27bb30e1b7,8a81117f-67e1-40e8-9901-f93be24dd4e9,high-waist-active-leggings-dark-gray,"High Waist Active Leggings / Dark Gray",84.9198820171427,0.0398148955031193,45.1049865140233,0.24,,"2026-09-13 05:40:43.344007+00",pant,"{""nylon"": 76, ""other"": 24}",,0.82,2,B,t,f
d4930e83-6920-472f-afcb-068ef58367f2,8a81117f-67e1-40e8-9901-f93be24dd4e9,umgee-high-waisted-flare-leggings-dark-gray,"Umgee High-Waisted Flare Leggings / Dark Gray",98.005896623063,0.0423207280872318,49.0029483115315,0.24,,"2026-09-13 05:40:45.796571+00",pant,"{""other"": 4, ""polyester"": 96}",,0.82,2,B,t,f